area_code,area_name,tier,case_rate,case_rate_over_60s,growth_rate,positivity_rate,estimated_admissions_rate,estimated_occupancy_rate,score
E06000001,Hartlepool,Tier 3,276.5,190.6,0.5,9.7,3.4,47.8,42.77472527472527
E06000002,Middlesbrough,Tier 3,221.3,173.1,0.6,6.9,1.5,23.4,33.46153846153847
E06000003,Redcar and Cleveland,Tier 3,193.9,132.3,0.5,6.5,1.5,22.9,27.124542124542124
E06000004,Stockton-on-Tees,Tier 3,249.8,250,0.6,10.3,3.4,47.1,45.76923076923077
E06000005,Darlington,Tier 3,248.1,217.2,0.7,8.6,4,31.4,41.08058608058608
E06000006,Halton,Tier 2,153.8,84.6,0.7,4.9,2.7,37.8,20.430402930402927
E06000007,Warrington,Tier 2,147.6,125.7,0.6,5.3,3.5,51.5,24.98168498168498
E06000008,Blackburn with Darwen,Tier 3,281.2,251.7,0.6,9.4,6.5,50,49.26739926739926
E06000009,Blackpool,Tier 3,170.7,182.4,0.6,5,6.8,46.2,32.07875457875458
E06000010,"Kingston upon Hull, City of",Tier 3,329.1,251.7,0.5,9.1,2,31.8,51.53846153846153
E06000011,East Riding of Yorkshire,Tier 3,215.4,172.4,0.6,6.9,2,31,33.5989010989011
E06000012,North East Lincolnshire,Tier 3,286.4,225.1,0.6,9.7,3,43,46.37362637362637
E06000013,North Lincolnshire,Tier 3,264.7,244,0.6,8.1,2.9,42.2,45.88827838827839
E06000014,York,Tier 2,99.2,86.7,0.7,4.7,1.7,24.1,14.25824175824176
E06000015,Derby,Tier 3,212.6,127.5,0.6,7.7,2.3,31.4,29.368131868131865
E06000016,Leicester,Tier 3,319,218.6,0.7,9.5,2,25.7,47.078754578754584
E06000017,Rutland,Tier 2,72.6,47.2,0.6,2.6,2.1,19.6,7.628205128205128
E06000018,Nottingham,Tier 3,168.2,185.8,0.7,6.6,4,35.4,31.071428571428573
E06000019,"Herefordshire, County of",Tier 2,87.1,88.6,0.5,2.9,2.9,15.4,12.454212454212453
E06000020,Telford and Wrekin,Tier 2,211.8,137,0.8,4.9,1.7,21.3,28.94688644688645
E06000021,Stoke-on-Trent,Tier 3,367,285.7,0.7,8.8,5.8,50.3,60.15567765567765
E06000022,Bath and North East Somerset,Tier 2,89.5,81.3,0.4,3.6,2.5,17.6,12.225274725274724
E06000023,"Bristol, City of",Tier 3,209.5,172.7,0.5,6.9,2.7,23.4,32.44505494505494
E06000024,North Somerset,Tier 3,183.7,117.5,0.7,5.3,1.9,16,24.148351648351646
E06000025,South Gloucestershire,Tier 3,168.7,152.7,0.6,5.9,2.7,25.2,26.95970695970696
E06000026,Plymouth,Tier 2,87,46,0.5,2.7,0.7,11.3,7.948717948717948
E06000027,Torbay,Tier 2,85.1,58.6,0.5,2.1,1,10.2,8.8003663003663
E06000030,Swindon,Tier 2,141.3,86.8,0.8,6.8,0.8,11.6,17.0970695970696
E06000031,Peterborough,Tier 2,208.6,110.7,1.1,7.6,2.1,15.1,25.989010989010985
E06000032,Luton,Tier 2,268,124.3,0.9,7.7,3.3,25.4,33.717948717948715
E06000033,Southend-on-Sea,Tier 2,115.8,81.3,0.7,3.7,4.8,39.1,16.849816849816847
E06000034,Thurrock,Tier 2,211.7,174.8,1,7.6,0.8,6.7,31.24542124542124
E06000035,Medway,Tier 3,479.3,375.4,1.2,13.6,6.8,45.4,78.78205128205128
E06000036,Bracknell Forest,Tier 2,68.5,32.5,0.6,3,1.6,12,5.201465201465201
E06000037,West Berkshire,Tier 2,63.7,44.8,0.6,3.2,2.5,13.7,6.144688644688645
E06000038,Reading,Tier 2,130.4,95.8,0.8,4.7,2.9,11.7,16.93223443223443
E06000039,Slough,Tier 3,300.9,223.4,0.9,9.5,1.4,12.4,44.6062271062271
E06000040,Windsor and Maidenhead,Tier 2,109,57.6,0.7,4.3,1.4,12.3,11.346153846153845
E06000041,Wokingham,Tier 2,102.3,63.3,0.8,4.7,2.6,11.4,11.327838827838827
E06000042,Milton Keynes,Tier 2,138.8,103.9,0.7,5.6,3,24.4,19.68864468864469
E06000043,Brighton and Hove,Tier 2,59.5,42.9,0.5,2.6,0.6,8.9,4.908424908424909
E06000044,Portsmouth,Tier 2,139.1,111.5,0.5,5.3,2.4,22.6,20.146520146520146
E06000045,Southampton,Tier 2,85.5,60,0.5,1.7,0.7,7.8,8.681318681318682
E06000046,Isle of Wight,Tier 1,36.7,15.8,0.5,1.2,0.2,7,0
E06000047,County Durham,Tier 3,213.5,193.3,0.6,7.8,3.2,27.9,35.24725274725275
E06000049,Cheshire East,Tier 2,127.3,92.4,0.6,4.7,2.5,30,17.957875457875456
E06000050,Cheshire West and Chester,Tier 2,113.4,108,0.5,4.1,2.4,46.6,19.560439560439562
E06000051,Shropshire,Tier 2,137.7,79.6,0.8,4.6,1.6,20.2,16.767399267399266
E06000052,Cornwall and Isles of Scilly,Tier 1,40.2,24.6,0.6,1.6,0.6,4.8,1.0073260073260077
E06000054,Wiltshire,Tier 2,80.2,57.4,0.6,3.3,1.5,11.7,8.543956043956044
E06000055,Bedford,Tier 2,112.5,69,0.7,3.2,0.2,2.4,11.593406593406593
E06000056,Central Bedfordshire,Tier 2,75.9,77.8,0.7,3.1,1.8,14,10.247252747252746
E06000057,Northumberland,Tier 3,189.5,142.3,0.7,6.2,2.8,30.7,28.461538461538467
E06000058,"Bournemouth, Christchurch and Poole",Tier 2,104.5,88.6,0.6,3.5,0,0.4,12.472527472527469
E06000059,Dorset,Tier 2,45.2,24,0.5,1.9,0.4,4,1.3369963369963371
E07000008,Cambridge,Tier 2,77.7,46.5,0.4,2.2,0,7.3,6.657509157509158
E07000009,East Cambridgeshire,Tier 2,65.7,46.7,0.9,2.5,0.5,8.7,5.824175824175825
E07000010,Fenland,Tier 2,106,67.1,0.9,3.7,1.6,15.9,12.25274725274725
E07000011,Huntingdonshire,Tier 2,59.6,30.1,0.8,2.6,1.8,13.8,4.331501831501831
E07000012,South Cambridgeshire,Tier 2,47.1,39.8,0.5,1.7,0.2,7.7,3.2600732600732605
E07000026,Allerdale,Tier 2,78.8,77.5,0.6,2.9,0.3,4.2,9.423076923076923
E07000027,Barrow-in-Furness,Tier 2,82,111.7,0.6,2.4,2.5,49.3,17.13369963369963
E07000028,Carlisle,Tier 2,148.1,86.9,0.5,4.6,0.4,4.8,16.84065934065934
E07000029,Copeland,Tier 2,66,44,0.5,2.1,0.5,9.1,5.5677655677655675
E07000030,Eden,Tier 2,63.8,43.3,0.4,2.6,0.7,11.6,5.586080586080585
E07000031,South Lakeland,Tier 2,104.7,81.9,0.4,4,2.5,48.1,16.5018315018315
E07000032,Amber Valley,Tier 3,229.4,193,0.7,8.4,2.3,30.8,36.92307692307693
E07000033,Bolsover,Tier 3,242,235.6,0.7,7.3,1.9,27.2,41.51098901098901
E07000034,Chesterfield,Tier 3,122,110.5,0.5,4.4,1.3,23,18.34249084249084
E07000035,Derbyshire Dales,Tier 3,143.8,51.8,0.9,5.9,1.7,27.3,15.567765567765568
E07000036,Erewash,Tier 3,134.3,121.4,0.5,5.2,2.9,33.2,21.62087912087912
E07000037,High Peak,Tier 3,117.6,76.7,0.6,4.7,1.7,33.8,15.906593406593405
E07000038,North East Derbyshire,Tier 3,182.3,127.6,0.8,6.6,1.4,24.7,25.82417582417583
E07000039,South Derbyshire,Tier 3,191.1,119.7,0.5,6.4,2.2,30.5,26.465201465201467
E07000040,East Devon,Tier 2,126.5,109.6,0.9,4,3.3,26.5,19.175824175824175
E07000041,Exeter,Tier 2,105.8,148.4,0.7,3.9,3.5,27.4,20.906593406593405
E07000042,Mid Devon,Tier 2,65.6,52.4,0.8,2.5,3.2,25.7,8.131868131868131
E07000043,North Devon,Tier 2,117.4,86.4,0.8,3.6,2.2,21,15.567765567765568
E07000044,South Hams,Tier 2,39.1,38.2,0.5,1.4,0.8,10.9,2.701465201465201
E07000045,Teignbridge,Tier 2,52.2,44.3,0.8,1.7,1.6,14.7,4.935897435897434
E07000046,Torridge,Tier 2,93.7,94.5,1,2.7,2.3,21.2,14.102564102564102
E07000047,West Devon,Tier 2,68.1,45.3,0.9,2.1,1.8,17.9,6.840659340659339
E07000061,Eastbourne,Tier 2,87.7,77.7,0.6,2.4,1.3,8.1,10.659340659340659
E07000062,Hastings,Tier 2,80.9,53,0.7,2,1.4,8.3,7.774725274725274
E07000063,Lewes,Tier 2,75.5,48,0.8,2.5,0.7,8.8,6.8589743589743595
E07000064,Rother,Tier 2,125.9,73.7,0.9,3.6,1.4,9,14.02014652014652
E07000065,Wealden,Tier 2,129.4,73,0.8,3.9,1.4,11,14.47802197802198
E07000066,Basildon,Tier 2,285.3,130.4,1.1,9.8,0.6,5.1,33.96520146520146
E07000067,Braintree,Tier 2,122.5,79.6,1,4.6,0.4,4.9,13.882783882783883
E07000068,Brentwood,Tier 2,175.3,144.7,0.7,5.4,1.7,15.1,25.778388278388277
E07000069,Castle Point,Tier 2,173.7,97.9,0.8,6,4.1,32.9,23.26007326007326
E07000070,Chelmsford,Tier 2,103.1,52.1,0.8,4.7,0.2,2.4,9.33150183150183
E07000071,Colchester,Tier 2,68.3,62.8,0.9,2.5,1.1,15.1,8.177655677655677
E07000072,Epping Forest,Tier 2,173.1,143.4,0.8,6.4,1,20.9,26.02564102564103
E07000073,Harlow,Tier 2,221.7,160.9,1.3,7.2,0.2,22.1,32.234432234432234
E07000074,Maldon,Tier 2,60.1,28.4,0.7,2.6,0.3,3.7,3.150183150183149
E07000075,Rochford,Tier 2,122.5,70.1,0.8,5.1,4.6,37.2,16.38278388278388
E07000076,Tendring,Tier 2,64.1,48.1,0.9,2,1.1,15.3,6.419413919413921
E07000077,Uttlesford,Tier 2,81.1,55.5,0.6,3.2,0.1,10,8.159340659340659
E07000078,Cheltenham,Tier 2,115.2,116.5,0.8,4,4.3,24,18.626373626373628
E07000079,Cotswold,Tier 2,36.7,17,0.3,1.7,3.2,19.5,1.5567765567765561
E07000080,Forest of Dean,Tier 2,96.8,47.3,0.7,3.3,4.2,23.8,10.503663003663002
E07000081,Gloucester,Tier 2,185.1,93.5,0.8,5.7,4.3,24.2,23.095238095238095
E07000082,Stroud,Tier 2,96.7,59.8,0.6,3.3,4.2,23.8,11.63003663003663
E07000083,Tewkesbury,Tier 2,113.7,59.6,0.7,4.1,4.1,23.3,13.195970695970697
E07000084,Basingstoke and Deane,Tier 2,88.3,54.1,0.6,3.4,2,24.3,10.192307692307692
E07000085,East Hampshire,Tier 2,94.8,70.9,0.7,2.7,1.9,18.2,11.703296703296703
E07000086,Eastleigh,Tier 2,62.1,44.1,0.6,2.1,1.2,15.1,5.842490842490842
E07000087,Fareham,Tier 2,78.3,60,0.5,3,2.2,21.2,9.505494505494504
E07000088,Gosport,Tier 2,135.6,186.3,0.8,4,2.4,22.4,26.565934065934066
E07000089,Hart,Tier 2,65.9,48.8,0.8,2.7,1.4,14.3,6.63919413919414
E07000090,Havant,Tier 2,132.3,115.7,0.6,4.2,2.3,21.7,19.725274725274726
E07000091,New Forest,Tier 2,46.6,36.8,0.4,1.5,0.5,5.9,2.774725274725274
E07000092,Rushmoor,Tier 2,80.3,32,0.7,2.3,1.3,12,6.153846153846153
E07000093,Test Valley,Tier 2,68.2,51.2,0.6,2.3,1.4,17.6,7.3168498168498175
E07000094,Winchester,Tier 2,80.9,55.8,0.4,2.9,1.9,22.4,9.423076923076923
E07000095,Broxbourne,Tier 2,193.3,123.9,0.9,7.9,0.7,16.5,25.80586080586081
E07000096,Dacorum,Tier 2,102.7,78.2,0.8,4.3,1.7,19.6,13.360805860805863
E07000098,Hertsmere,Tier 2,133.4,84.2,0.8,3.5,1.4,15.3,16.227106227106226
E07000099,North Hertfordshire,Tier 2,90.6,48.5,0.7,3.3,1,8.4,8.342490842490841
E07000102,Three Rivers,Tier 2,136.1,121.9,0.8,4.8,1.9,20.2,20.54029304029304
E07000103,Watford,Tier 2,122.2,93.2,0.7,4.1,1.8,20.9,16.62087912087912
E07000105,Ashford,Tier 3,146.9,89.5,1.2,4.8,2.3,20.6,18.67216117216117
E07000106,Canterbury,Tier 3,231,176,0.9,6.6,2.3,20.7,34.44139194139194
E07000107,Dartford,Tier 3,242.4,161.2,0.8,8.6,4,21,34.48717948717949
E07000108,Dover,Tier 3,324.2,216.4,1.2,8.1,2.3,20.7,46.84065934065934
E07000109,Gravesham,Tier 3,381.5,362.3,1,12.7,4.2,22.5,66.19047619047619
E07000110,Maidstone,Tier 3,317.2,239.8,1.2,9.3,2.6,20.8,48.489010989010985
E07000111,Sevenoaks,Tier 3,119.3,96.7,0.6,5.2,2.8,18.7,16.657509157509157
E07000112,Folkestone and Hythe,Tier 3,193.8,141.2,1,5.3,2.3,20.7,27.73809523809524
E07000113,Swale,Tier 3,557.7,388.4,0.9,13.8,5.7,39.4,86.49267399267401
E07000114,Thanet,Tier 3,465,308.2,0.9,10.1,2.3,21,68.32417582417582
E07000115,Tonbridge and Malling,Tier 3,206.6,120.8,1,7.9,2.6,20.3,27.27106227106227
E07000116,Tunbridge Wells,Tier 3,81.7,50.5,0.6,2.8,2.3,18.4,8.69047619047619
E07000117,Burnley,Tier 3,305.9,210.2,0.8,9.7,6.6,50.7,47.84798534798534
E07000118,Chorley,Tier 3,186.9,160.3,0.7,6.5,3.4,35,30.34798534798535
E07000119,Fylde,Tier 3,168.4,178.3,0.6,5.3,6.2,44,31.26373626373627
E07000120,Hyndburn,Tier 3,271.5,123.5,0.6,7.9,6.5,50.6,36.556776556776555
E07000121,Lancaster,Tier 3,114.4,90.6,1,4.2,2.5,48,18.250915750915752
E07000122,Pendle,Tier 3,307.2,181.3,0.8,10.2,6.6,48.9,45.201465201465204
E07000123,Preston,Tier 3,219.4,255.6,0.7,7.1,3.4,34.7,42.07875457875458
E07000124,Ribble Valley,Tier 3,183.9,101.6,0.8,6.4,5.7,46.1,25.924908424908423
E07000125,Rossendale,Tier 3,284,164,0.8,9,5.8,49.1,41.32783882783883
E07000126,South Ribble,Tier 3,232.9,127.5,1,8.3,3.4,35.1,31.758241758241756
E07000127,West Lancashire,Tier 3,125.1,107.7,0.5,4,2.5,42.9,20.265567765567766
E07000128,Wyre,Tier 3,126.7,120.7,0.7,4.6,5.9,44.9,22.17032967032967
E07000129,Blaby,Tier 3,236.4,135.4,0.6,8.8,2,25.2,31.776556776556774
E07000130,Charnwood,Tier 3,149.6,130.5,0.5,6,2.1,25.6,23.159340659340657
E07000131,Harborough,Tier 3,219.6,132.3,0.7,7.7,2.1,24.3,29.78937728937729
E07000132,Hinckley and Bosworth,Tier 3,114.9,50.1,0.4,4.4,2,24.1,12.316849816849816
E07000133,Melton,Tier 3,187.5,111.5,0.6,6.1,2.6,29.3,25.293040293040292
E07000134,North West Leicestershire,Tier 3,206.5,181.8,0.6,7.9,2.2,28.3,33.50732600732601
E07000135,Oadby and Wigston,Tier 3,370.1,307.1,0.8,8.7,2,25.6,59.7893772893773
E07000136,Boston,Tier 3,520.1,569.6,1.2,14.1,4.3,44.1,100
E07000137,East Lindsey,Tier 3,336.6,379.1,0.6,9.7,4,44.1,65.26556776556777
E07000138,Lincoln,Tier 3,338.4,332.7,0.9,9.4,4.3,44.5,61.24542124542124
E07000139,North Kesteven,Tier 3,191.6,158.6,0.7,6.5,4.2,43.4,31.465201465201464
E07000140,South Holland,Tier 3,141,106.6,0.9,5,2.9,29.5,20.55860805860806
E07000141,South Kesteven,Tier 3,155.9,148.6,0.8,5.8,3.2,29.4,25.85164835164835
E07000142,West Lindsey,Tier 3,217.4,236.4,0.9,6.6,3.9,43.7,40.97985347985348
E07000143,Breckland,Tier 2,58.6,43.1,0.7,2,1.7,10,5.009157509157509
E07000144,Broadland,Tier 2,107,66.2,1,4,1.9,9,11.694139194139193
E07000145,Great Yarmouth,Tier 2,74.5,45.6,0.7,2.5,1.6,12.6,6.968864468864469
E07000146,King's Lynn and West Norfolk,Tier 2,89.8,54.3,0.6,3.3,1,17.3,9.606227106227106
E07000147,North Norfolk,Tier 2,88.7,104.4,1.4,3.1,1.8,10,13.553113553113553
E07000148,Norwich,Tier 2,111.7,84.2,0.8,4.1,1.9,9,13.763736263736263
E07000149,South Norfolk,Tier 2,115.7,114.9,0.7,4.4,1.8,8.9,16.94139194139194
E07000150,Corby,Tier 2,124.6,205.5,0.7,4.4,2.5,25.1,27.600732600732602
E07000151,Daventry,Tier 2,117.5,90.5,0.8,4.4,4.1,21.3,16.227106227106226
E07000152,East Northamptonshire,Tier 2,122.7,144.5,0.9,4.1,2.5,22.8,21.62087912087912
E07000153,Kettering,Tier 2,124.8,102.2,0.7,4.2,2.5,25.4,18.168498168498168
E07000154,Northampton,Tier 2,179.4,134.6,0.7,5,5,24.3,26.33699633699634
E07000155,South Northamptonshire,Tier 2,151.3,135.3,0.6,5.8,3.6,17.9,23.17765567765568
E07000156,Wellingborough,Tier 2,115.4,74.4,0.6,3.9,3.2,24.9,14.743589743589745
E07000163,Craven,Tier 2,127.8,110.4,0.5,4.4,6.2,43.4,21.181318681318682
E07000164,Hambleton,Tier 2,111.4,42.3,0.6,4.4,1.6,22.5,11.117216117216119
E07000165,Harrogate,Tier 2,106.9,65.8,0.5,3.7,1.7,18.8,12.454212454212453
E07000166,Richmondshire,Tier 2,119.1,106.2,0.6,4.6,2.1,24.1,17.884615384615383
E07000167,Ryedale,Tier 2,106.5,94.2,0.7,4.4,1.7,24.2,15.595238095238095
E07000168,Scarborough,Tier 2,173.8,123.6,0.5,5.3,1.7,24.3,24.523809523809522
E07000169,Selby,Tier 2,157.8,119.6,0.6,5.7,2.1,28.2,23.13186813186813
E07000170,Ashfield,Tier 3,204,134,0.7,6.3,2.8,32.9,29.23992673992674
E07000171,Bassetlaw,Tier 3,229,204.7,0.6,7.3,3.2,36.6,38.46153846153847
E07000172,Broxtowe,Tier 3,132.4,146,0.7,5.7,3.9,35.2,24.03846153846154
E07000173,Gedling,Tier 3,158.6,125.4,0.7,6.7,4,35.8,24.706959706959708
E07000174,Mansfield,Tier 3,189.4,167.6,0.6,5.8,2.4,31.9,30.796703296703292
E07000175,Newark and Sherwood,Tier 3,185.4,185.3,0.8,6.9,2.8,33.3,32.33516483516484
E07000176,Rushcliffe,Tier 3,120,96.5,0.6,5,3.9,34.9,18.269230769230766
E07000177,Cherwell,Tier 2,96.3,47.2,0.9,3.6,1.8,6.8,8.717948717948719
E07000178,Oxford,Tier 2,139.1,55.9,0.9,4.9,1.8,6.8,13.553113553113553
E07000179,South Oxfordshire,Tier 2,59.1,39.2,0.5,2.5,1.9,8,4.560439560439561
E07000180,Vale of White Horse,Tier 2,64,25.6,0.6,2.8,1.7,7.2,3.708791208791209
E07000181,West Oxfordshire,Tier 2,52.4,45.4,0.6,1.9,1.8,6.9,4.3589743589743595
E07000187,Mendip,Tier 2,120.3,131.8,1.1,4.5,2.4,15.2,19.587912087912088
E07000188,Sedgemoor,Tier 2,99.9,82.5,0.5,3.1,0.4,3.4,11.758241758241757
E07000189,South Somerset,Tier 2,93.9,77.3,0.6,3.2,3.1,16.6,12.206959706959708
E07000192,Cannock Chase,Tier 3,225.3,174.1,0.8,6.7,4.3,42,35.879120879120876
E07000193,East Staffordshire,Tier 3,274.7,185.5,0.6,7.1,2.4,31.9,40.366300366300365
E07000194,Lichfield,Tier 3,196.6,155,0.5,5.6,3.1,34,30.53113553113553
E07000195,Newcastle-under-Lyme,Tier 3,297.4,256.5,0.7,8.2,5.6,49.2,50.93406593406593
E07000196,South Staffordshire,Tier 3,240.1,198.6,0.6,6.6,4.1,40.2,39.26739926739927
E07000197,Stafford,Tier 3,263,267.3,0.7,6.8,5.4,47.8,48.498168498168496
E07000198,Staffordshire Moorlands,Tier 3,207.2,171.5,0.6,5,5,46.9,34.32234432234432
E07000199,Tamworth,Tier 3,258.2,162.2,0.6,8.5,3.2,32.3,36.95970695970696
E07000200,Babergh,Tier 2,97.8,85.6,0.8,3.7,1.4,12,12.81135531135531
E07000202,Ipswich,Tier 2,154.8,121.9,1.5,4.3,1.1,16.3,21.84065934065934
E07000203,Mid Suffolk,Tier 2,40.4,52.1,0.7,1.7,1.4,11.8,4.276556776556776
E07000207,Elmbridge,Tier 2,77.5,58.2,0.5,3,1.4,19.2,9.010989010989011
E07000208,Epsom and Ewell,Tier 2,129,116.3,0.8,5,3,22.9,19.743589743589745
E07000209,Guildford,Tier 2,112.1,52.6,0.9,3.8,1.2,7.7,10.705128205128203
E07000210,Mole Valley,Tier 2,98.6,34.1,0.9,3.6,2.1,17.8,8.763736263736263
E07000211,Reigate and Banstead,Tier 2,94.1,119.8,0.9,3.4,1.5,15.3,15.897435897435896
E07000212,Runnymede,Tier 2,139.8,71.7,0.6,4.7,0.3,17.6,15.869963369963369
E07000213,Spelthorne,Tier 2,140.2,99.6,0.7,4.5,0.3,18,18.489010989010985
E07000214,Surrey Heath,Tier 2,141.1,26.3,1,4.6,1.2,12.4,11.465201465201464
E07000215,Tandridge,Tier 2,81.7,29.6,0.6,3,0.9,11.8,6.062271062271061
E07000216,Waverley,Tier 2,76,45.2,0.7,2.6,1.2,8.2,6.63919413919414
E07000217,Woking,Tier 2,173.6,83,1.1,5.7,0.4,16.2,20.01831501831502
E07000218,North Warwickshire,Tier 3,257.4,287.1,0.8,7.7,2.4,24.8,47.50915750915751
E07000219,Nuneaton and Bedworth,Tier 3,252.5,181.4,0.7,7.4,2,21,36.95970695970696
E07000220,Rugby,Tier 3,172.6,75.7,0.7,5.4,1.9,13.9,19.12087912087912
E07000221,Stratford-on-Avon,Tier 3,92.2,62.4,0.7,3.2,1.5,11,10.036630036630036
E07000222,Warwick,Tier 3,118.3,95.6,0.6,3.7,1.4,10.5,15.448717948717949
E07000223,Adur,Tier 2,52.9,26.4,0.5,1.9,0.8,6,2.4816849816849813
E07000224,Arun,Tier 2,56,31.6,0.5,1.7,1,6.4,3.278388278388277
E07000225,Chichester,Tier 2,76.8,69.6,0.6,2.6,1.1,7.6,8.873626373626372
E07000226,Crawley,Tier 2,73.8,42.8,0.6,2.8,0.6,10.9,6.419413919413917
E07000227,Horsham,Tier 2,70.9,69.2,0.6,2.9,0.7,8.5,8.36996336996337
E07000228,Mid Sussex,Tier 2,95.4,70.4,0.6,3.2,0.6,9.2,10.805860805860807
E07000229,Worthing,Tier 2,30.7,38.1,0.4,0.9,0.9,5.6,1.3919413919413919
E07000234,Bromsgrove,Tier 2,164.2,118.8,0.7,5.6,2.1,19.9,22.884615384615383
E07000235,Malvern Hills,Tier 2,75,39.5,0.7,2.5,1.8,16.6,6.84065934065934
E07000236,Redditch,Tier 2,190,140,0.7,6.9,1.7,16.7,26.978021978021978
E07000237,Worcester,Tier 2,104.7,56.9,0.5,3.7,1.7,16.5,11.227106227106228
E07000238,Wychavon,Tier 2,90.4,92,0.7,3.4,1.9,16.9,13.177655677655679
E07000239,Wyre Forest,Tier 2,180.7,104.9,0.7,5.8,1.9,18.6,23.003663003663004
E07000240,St Albans,Tier 2,109.1,91.5,0.8,4.1,1.9,19.3,15.137362637362637
E07000241,Welwyn Hatfield,Tier 2,104,59.9,0.8,4,1.2,8.9,10.75091575091575
E07000242,East Hertfordshire,Tier 2,113.5,70,0.6,4.8,0.6,14.4,13.049450549450551
E07000243,Stevenage,Tier 2,93.3,65.4,0.7,3,1.1,8.2,10.1007326007326
E07000244,East Suffolk,Tier 2,58.9,51.4,0.8,2.1,1.4,14.2,6.172161172161171
E07000245,West Suffolk,Tier 2,37.4,29.2,0.6,1.5,1.4,7.7,1.5018315018315014
E07000246,Somerset West and Taunton,Tier 2,55.4,33.6,0.5,1.4,0.3,2.4,2.948717948717948
E08000001,Bolton,Tier 3,259.4,184.4,0.7,10.1,4.9,40.4,40.15567765567765
E08000002,Bury,Tier 3,251.8,191.7,0.7,9.3,3.3,43.4,40.18315018315018
E08000003,Manchester,Tier 3,209.1,252.9,0.7,7.5,1.8,29.2,40.27472527472527
E08000004,Oldham,Tier 3,282.1,226.3,0.6,9.1,2.9,43.1,46.03479853479853
E08000005,Rochdale,Tier 3,294.9,358.6,0.7,9.8,3,44,59.48717948717949
E08000006,Salford,Tier 3,177.7,168.2,0.5,7.5,3.2,43.7,31.08058608058608
E08000007,Stockport,Tier 3,169.4,93.5,0.7,6.6,2.2,35.3,22.55494505494505
E08000008,Tameside,Tier 3,178.8,123.2,0.6,6.3,1.2,31.1,25.62271062271062
E08000009,Trafford,Tier 3,126.4,92.6,0.5,5.5,1.5,26.5,17.545787545787544
E08000010,Wigan,Tier 3,252.2,215.7,0.8,9.3,3.1,37,41.82234432234432
E08000011,Knowsley,Tier 2,129.3,111.6,0.6,2.4,2.1,29.9,19.642857142857142
E08000012,Liverpool,Tier 2,114.6,129.1,0.5,1,1.4,19.1,18.708791208791204
E08000013,St. Helens,Tier 2,135.7,87.4,0.5,4.2,1.9,24.8,17.683150183150182
E08000014,Sefton,Tier 2,119.4,104.7,0.6,2.3,3.1,52.9,20.293040293040292
E08000015,Wirral,Tier 2,73.8,62.3,0.5,2.4,2.5,21.1,9.267399267399266
E08000016,Barnsley,Tier 3,213.9,204.4,0.7,7.5,2.8,52.2,38.47069597069597
E08000017,Doncaster,Tier 3,213.9,211.8,0.7,8.6,3.4,37.5,37.95787545787546
E08000018,Rotherham,Tier 3,211,235.9,0.7,7.6,7.3,57.8,42.023809523809526
E08000019,Sheffield,Tier 3,190.8,155.3,0.7,7.2,1.5,36,30.228937728937726
E08000021,Newcastle upon Tyne,Tier 3,216.3,179.2,0.6,7.5,1.2,16.1,32.92124542124542
E08000022,North Tyneside,Tier 3,240,215,0.7,7.8,2.5,28.2,39.633699633699635
E08000023,South Tyneside,Tier 3,271.6,208.5,0.7,9.5,0.4,6.4,39.8992673992674
E08000024,Sunderland,Tier 3,209.9,154.6,0.6,7.6,0.5,7.7,29.25824175824176
E08000025,Birmingham,Tier 3,277.6,242.6,0.8,9.9,3.6,31,46.16300366300366
E08000026,Coventry,Tier 3,193.5,129.4,0.8,6.6,1.9,14,26.080586080586084
E08000027,Dudley,Tier 3,340.2,254,0.7,10.3,4.1,40.1,53.84615384615385
E08000028,Sandwell,Tier 3,318.8,271,0.7,10.3,5,44.9,53.96520146520146
E08000029,Solihull,Tier 3,196,133.3,0.7,6.6,3.5,31,28.36080586080586
E08000030,Walsall,Tier 3,281.3,185.5,0.8,9.2,5.4,50.5,43.15934065934066
E08000031,Wolverhampton,Tier 3,290.5,224.1,0.8,8.3,3.7,37.8,46.13553113553114
E08000032,Bradford,Tier 3,273.8,218.1,0.6,8.6,4.2,36.6,44.001831501831504
E08000033,Calderdale,Tier 3,256.3,171.2,0.6,9.2,3.6,25.7,37.10622710622711
E08000034,Kirklees,Tier 3,283.3,217.1,0.6,11,3.6,35.3,44.82600732600732
E08000035,Leeds,Tier 3,201.4,182.6,0.6,7.9,3,33.8,33.69047619047619
E08000036,Wakefield,Tier 3,264.7,218.1,0.7,9.4,3.5,47.5,44.18498168498168
E08000037,Gateshead,Tier 3,202.4,198.6,0.6,6.9,1.5,33.6,35
E09000002,Barking and Dagenham,Tier 2,254.6,201.9,1,9.7,3.7,32.7,40.494505494505496
E09000003,Barnet,Tier 2,149.3,100.1,0.9,4.4,1.2,11.8,18.89194139194139
E09000004,Bexley,Tier 2,200.2,115.3,0.7,7.2,3,15.2,25.659340659340657
E09000005,Brent,Tier 2,174.1,118.2,0.8,7.4,1.9,15.9,23.525641025641022
E09000006,Bromley,Tier 2,121.9,41.2,0.7,5.4,0.7,11,10.943223443223443
E09000007,Camden,Tier 2,89.6,32.4,0.8,1.4,0.8,8.4,6.59340659340659
E09000008,Croydon,Tier 2,136.8,102.8,0.8,5.7,2.9,19.1,18.92857142857143
E09000009,Ealing,Tier 2,191.9,171.4,0.8,7.7,1.9,15.3,30
E09000010,Enfield,Tier 2,175,88.3,0.8,6.8,1.2,15.4,20.705128205128204
E09000011,Greenwich,Tier 2,157,90.3,0.8,6.1,2.7,12.6,19.056776556776555
E09000012,Hackney and City of London,Tier 2,124.5,98.8,0.7,5.9,1.7,8.7,16.38278388278388
E09000013,Hammersmith and Fulham,Tier 2,121,65,0.7,4.9,0.8,10.8,12.985347985347987
E09000014,Haringey,Tier 2,118,66.5,0.8,5.6,1.2,13.6,13.214285714285712
E09000015,Harrow,Tier 2,139.4,74.7,0.7,5.7,2.5,17.8,16.428571428571427
E09000016,Havering,Tier 2,285.9,204.8,0.7,9.7,4,35.6,43.89194139194139
E09000017,Hillingdon,Tier 2,167.8,152.7,0.8,6.1,3,17.5,26.236263736263737
E09000018,Hounslow,Tier 2,171.6,124,0.8,7,1.2,11.3,23.305860805860803
E09000019,Islington,Tier 2,104.3,86.9,0.7,5.2,1,8.4,13.287545787545785
E09000020,Kensington and Chelsea,Tier 2,115.9,78.4,0.8,5.2,0.9,10.1,13.727106227106228
E09000021,Kingston upon Thames,Tier 2,154.4,100.4,0.8,6.2,2.4,21.9,20.57692307692308
E09000022,Lambeth,Tier 2,112,86.1,0.7,3.8,0.6,9.6,13.864468864468865
E09000023,Lewisham,Tier 2,98.1,77.3,0.8,5,2.1,11.6,12.225274725274724
E09000024,Merton,Tier 2,142.8,114.7,0.7,6.3,1.9,16.7,20.302197802197806
E09000025,Newham,Tier 2,217.5,256.3,1,10.3,1.9,15.6,40.4029304029304
E09000026,Redbridge,Tier 2,295.9,202.8,1,11.5,3.1,27.1,43.956043956043956
E09000027,Richmond upon Thames,Tier 2,87.4,84.3,0.8,4.2,1.8,16.3,12.216117216117217
E09000028,Southwark,Tier 2,105.1,62.7,0.9,5,0.4,8.7,11.117216117216115
E09000029,Sutton,Tier 2,126,119.8,0.8,5,3,22.6,19.761904761904763
E09000030,Tower Hamlets,Tier 2,206,152.2,0.8,8.8,1.8,14.7,29.56959706959707
E09000031,Waltham Forest,Tier 2,212.3,171.1,1,9.4,1.9,15.3,32.014652014652015
E09000032,Wandsworth,Tier 2,96.5,72,0.6,4.2,1.3,12.5,11.510989010989011
E09000033,Westminster,Tier 2,96.8,66,0.7,5.6,0.6,9.7,10.805860805860805
